id;identification;pais;provincia;partido;localidad;calle;altura;region;subregion;hub;barrios_especiales;codigo_postal;tipo_calle
1;communities;Planner;deliverables;open-source;JBOD programming;Chips;38964;wireless primary override;azure;Azerbaijanian Manat cultivate Open-source;National Engineer Steel;Facilitator Function-based;channels Tasty
2;Beauty enable;deposit;Executive out-of-the-box;Lights Vatu;Courts;Internal;91480;Markets;Streets Cheese Credit Card Account;Strategist Agent;real-time scale;Plastic Pula Plastic;Car Yuan Renminbi
3;Sausages;Gibraltar Pound monitoring;Synchronised Car Nevada;cross-platform 24 hour uniform;Vision-oriented Avon Alabama;parallelism action-items Shirt;89272;Belize;Central virtual Ramp;Engineer Saint Pierre and Miquelon;SDD Future-proofed Director;Functionality interactive;Senior
4;CSS Investment Account;Universal markets harness;Dynamic grow scalable;experiences application East Caribbean Dollar;Yemeni Rial;Iraq sensor District;2595;AI tan;Borders;Customer-focused New Mexico;artificial intelligence Centralized;Point Movies;Optimization integrated Strategist
5;quantifying Licensed Cotton Chicken;Trail;Rustic multi-state;Tools bleeding-edge array;Avon;wireless Grocery;84431;Mouse Rubber;Italy strategy;Rustic Tasty;deliverables Brunei Darussalam;needs-based Metal;Avon
6;Operative override Analyst;Massachusetts Cambridgeshire;innovate Administrator card;deposit user-facing Minnesota;invoice;toolset;84098;Towels;Berkshire infomediaries;Nebraska Fantastic Granite Bacon;New Hampshire Buckinghamshire;implement Exclusive;Nicaragua engage
7;Investment Account knowledge user;channels Accountability;communities Nevada;Malaysian Ringgit forecast;frictionless Lari;Future;89428;orchid bluetooth;Generic Granite Sausages Dominican Republic red;Savings Account;program SDD Arkansas;3rd generation;Unbranded
8;Bermudian Dollar (customarily known as Bermuda Dollar) Tasty sensor;Union distributed Forks;open-source;applications Music Stream;invoice Assistant leverage;Health transmitter;57755;PNG;engineer;deploy deliverables;Graphical User Interface Bike RSS;feed;Games Chair Research
9;Dynamic Stream Freeway;Clothing Indian Rupee;Mount deposit;Gorgeous Granite Tuna Movies;Towels;De-engineered;29341;Grass-roots Research Syrian Pound;robust;executive transmitter Towels;compress capacitor;Car;dynamic Won
10;tan;Valley Silver;Sweden;technologies Electronics;Avon Valleys;Persistent Fresh;52050;Generic Metrics hub;hard drive Lari;Concrete Assistant;Row Internal Credit Card Account;hack;Principal application tangible
